	LOC	ORG	PER	MISC
0	Dr L. Plazy	Service médical	docteur Quoy	De l'origine toxi
1	Dr Auffret	Septième conférence internationale de la Croix-Rouge	M. E. Maurel	Dr Titi
2	Buenos	Dr Valence	Le Hunte	Dr Tatsusaburo Yabé
3	Surra	Dr BelletChirurgie	Dr Richer de Forges	La lutte contre la peste
4	Subsistances	Service de la vaccine	Dr Liffran	Exposition d'hygiène
5	Moustiques	Hôpitaux d'IslandeL'hygiène	Dr CannacLa	Opération
6	San-Miguel	Thermomètres enregistreurs	Dr F. Brunet	Paludisme
7	Les	Organisation du service médical indigène en	Dr P. Le Méhauté	Fonctions
8	Saint-Philippe	Archiv für Schiffs	Dr J. Regnault	Perversion
9	Tchentou	Service des médecins et pharmaciens de 3e	P. Miquel	Notice
10	Modifications	ParisMorbidité	Tchentou	Interdiction du tabac aux mousses
11	Cultures	Tranninh	Dr Thiroux	Dr Astius CastellanNotes
12	Nam	Organisation de la missionInstructions données à la mission d'études française	G. BonainFièvre	Nos pêcheurs d'Islande
13	Miquelon	Dr BelletLa	Cesarevitch	Rapport statistique sur la marine impériale allemande
14	Lorient	Variétés	Henderson	Rapport sur l'état sanitaire de l'archipel des îles du Cap-Vert
15	île de Saint	MadagascarDésinfection	Dr CannacUn	Droit médical
16	Lèpre	Médecins de colonisation de l'	Varus	Dr GuibaudVariétés
17	Spécificité	Arbeiten aus dem Kaiserlichen Gesundheitsamt	A. MercierHygiène	Us
18	Condore	1897.Variétés	Dr Donnart	Dr Defressine
19	Dr ColombL'hôpital	Médecine européenne	Marie Feodorowna	Dr TorelMission
20	Du	ChinePostes	Dr Henric	La peste à Smyrne
21	Tamatave	Larve de diptère suceuse de sang	Dr Vinas	Étude sur la statistique médicale des différentes puissances maritimes
22	Terre	Éducation spéciale des médecins de la marine anglaise	Gros	JabVariétés
23	Son	RapportLes	Dr Gros	Notes sur la stérilisation de l'eau alimentaire
24	Pak-Hoi	Action de la quinine	M. Saint-Sernin	Une page d'hygiène professionnelle
25	Bilharziose	TamataveNouvelles	Dr Foucaud	Délivrance d'effets
26	Clinique chirurgicale de Rochefort	1900.La	Dr Barret	La canonnière la «
27	ligne de Yen-Bay	Marine	Victor	MorestinAbcès
28	Tagant	Direction du port de Ching	Marine	Livres parus
29	Angleterre	Traitement des épididymites blennorragiques	Dr L. Baret	Dr Joly
30	Décret	Service de santé de la division navale de Cochinchine	Climats	De la blennorrhagie rhumatismale et de son traitement alcalin
31	Guyon	Action pathogène des parasites de l'intestin	MM. Jacquemin	Les flottilles de torpilleurs de Cochinchine
32	Guinée française).Pratique	Archives	Barthélémy	TamataveKérato
33	Samoa	Service de santé de la	Guibaud	Rapport sur l'état sanitaire du poste de
34	Pa	Archives d'hygiène tropicale de navale	Dr	Clinique otologique
35	Dr	Étiologie pathogénie	M. Ferraud etRapport	Deux opérations de prostatectomie
36	Outre-Mer	Périnéale	Campo	Dr
37	La Bretagne	École de médecine tropicale de	Pfihl	À propos de l'yerba maté
38	Liverpool	Poste militaire de Nioro	Dr E. Maurel	Explosion
39	Duguay	Société de préservation contre la tuberculose	Dr A. Bartet	Variole
40	Flore	Organisation de la mission	Dr P. Campo	Présentées
41	Bambaras	Néphrite	James Evelyn Pilcher].	Dr Rideau
42	Chine).Épidémie	Assemblée	André Lancien	Prof
43	Bruxelles	Institut Pasteur	Ostéotomie	Campagne de 1897
44	Milan	Section	Isambert	Rapport du docteur
45	Kati	Institut Pasteur de Nha	M. le	Dr PfihlRecherches
46	Congo	Indes orientales).Une maternité	Stevenson I.-M.-S.	Dr RecoulesSur
47	Est de l'Afrique	Ministre de la Marine	Néphrostomie	Dr Vincent.].
48	Nice	XIe Congrès international d'hygiène et de démographie	Dr Carbonel	Dr LassabatieLe
49	Luang	École navale	Dr A. ValenceNote	Dr TorelVariétés
50	Guinée française	JaponLes Colonnes contre Samory	Dr Guibaud	Dr L. LaurentSyndrôme
51	Indes Néerlandaises	Considérations	Dr L. Sestini	Dr CheminÉtude
52	Yun-	indigènes).Diagnostic bactériologique de la fièvre typhoïde dans les pays chauds	I. Schwabe	Zélée
53	Cambodge	Conseil	Dr FallierLe	Un cas de réaction paradoxale de la pupille à la lumière
54	Lombricose	Janvier	Ronald Ross	T. Dimorphon
55	1906.Étude	Institut Pasteur de Tananarive	Dr Lesueur	Dr Salanoue-Ipin
56	Bridgetown	Organisation médicale et sanitaire de l'	Georges Cuvier	mission Fourneau
57	la Havane	École des Baharia	Dr G. Gorron	Note sur quelques modifications
58	Madrid	Couronne	Émile Loubet.]Variétés	Dr Guès
59	Carcinome	Avril	Considérations	Similitude du bacille
60	Europe	AntillesConservation du vaccinVariétés	Cooper	Dr Galliot
61	Méhauté	Army and Navy	1901.Épuration	Ameublement de bord
62	Sakalaves	Service de santé en campagneRapport médical sur le corps expéditionnaire de Chine	Dr LafolieL'	Conservation de l'eau
63	Niger	Eaux thermales	Aperçu	Diagnostic
64	Pelée	MecqueLe	H. MouchetFibro	Disque optométrique
65	Recherches	1903.Observation	Reinhold Ruge	Médecin principal RobertConsidérations
66	Pak-Hoï	1904.Service	Jeanne	Dr Astius Castellan
67	Souvenirs	Lombrics	Van Rijnberk	Dr GuézennecÉloge
68	1905.Le	Service de santé du 11e régiment d'infanterie de marine	Dr J. Planté	Frais d'embarquement
69	Constantine	Service administratif de la Flotte	Dr ThémoinUn	Dr FatomeLavabo
70	Pet	Handbuch der Tropenkrankheiten	Dr Moreau	Rapport sur les expériences de désinfection
71	côte d'Ivoire	Craw	J.-J. Vassal etLes	Les Nouveaux Remèdes
72	îles Marquises	AnglaiseVariétés	Dr Labadens	Le foyer du marin
73	AlgérieRapport	1903.Variétés	Dr Laurent	Dr CazamianHygiène
74	Suffren	Dr Lassabatie	Dr Corolleur	Dr GuézennecAccidents
75	Plaie	Services de la Flotte armée	Franck	Le péril vénérien conférence
76	Nouvelles	marine Néerlandaise	Louis	Rapport sur la campagne de la surprise
77	Liptako	Phlegmons	Pascal	Histoire naturelle sur le
78	mer du Nord	Indépendants	Avérous	Dr Duville.].
79	Efficacité du chlorure de calcium	Organisation de l'inspection du travail dans les établissements de la marineContribution	Hygiène	Nouvelle-Calédonie en 1901
80	1898.Morbidité	Société de médecine militaire françaiseVariétés	Conditons	Arabes
81	Région	1901.Considérations	M. GirardConsidérations	Dr Labadens
82	Nagana	University Press of Liverpool	F. Plehn	Dr ThaminPyonéphrose
83	la Corse	NormandPéritonite	Dr Gauran	Législation des accidents du travail dans l'arsenal
84	Bras-de-Pontho	Treizième congrès international de médecineCoup de chaleur et coup de soleil	Dr Coste	Dr Mas etVagabondage impulsif
85	Indo	Congrès de Lisbonne	Dr d'Auber	Les navires-hôpitaux japonais
86	Fouta	École principale du Service de santé de la Marine	A. Auché	Dr L. VincentSur
87	TananariveMission	Lutte contre la tuberculose à bord	J. Desjardins	Opinion
88	Rio de Janeiro	marine Allemande	M. CouteaudTraitement	1899.)Variétés
89	Dori	École principale du Service de santé de la marine	Dr Le Dantec	Rapport au président de la république
90	province du Setchouen	Annam).Réunion	Dr P. Le MéhautéHygiène	Note d'ethnographie sur Quang
91	Chancres	BodetVingt	Dr Lucas	Coffre
92	Sumatra	Dr VerguesNotes	M. P. Guéguen	Épidémie de fièvre
93	Salles	0	A. Bowlby	FlorentIctère grave
94	Karikal	1	Saint	Dr Fontan
95	Battambang	2	Dr L. Chastang.].	Désinfection des caisses à eau
96	la Barbade	3	Dr TourenUn	Transmission
97	Neuve	4	Origines	Dr PaucotVariétés
98	Chi	5	Joseph Alvaro	Disparition du kakké
99	Arc	6	Dr Lévi	Escarres
100	Île de la	7	Émile Loubet	Trois abcès du foie ouverts dans le péricarde
101	Philippines	8	Camille Pelletan.].	L'hygiène du marin
102	île de Groix	9	Psoïtis	Étude sur le développement des apprentis
103	Dr Brunet	10	Sphacèle	Relevés statistiques
104	Orizaba	11	Simond	Rapport sur une épidémie de fièvre à bord
105	Épizootie de Surra	12	Sernin	Dr C.-M. Belli
106	sudLa Léprose	13	Dr Trabaud	Dr Jules RégnaultNécessité
107	Islande	14	Patrick Manson	Du rôle de la suralimentation
108	Diégo	15	Léproserie de CochinchineLa	Morphologie des hématozoaires
109	Abyssinie	16	Georges Varenne	Dr L. ChastangVariétés
110	bouton d'Alep	17	Sander PrizeAppareil	Dr PfihlDouble
111	Annam	18	Paul NéeTraitement	Méthode spéciale pour la séparation
112	Dr Ortal	19	Gaston Thomson	Congrès international de médecine
113	Kouang	20	Duhamelet	Dr Tribondeau
114	Sénégal(1	21	MM. Rouart	Lettres de quoy
115	Vincent).Au	22	Lacarrière	Tho
116	Dakar	23	Décision	Essai de détatouage
117	Tou	24	C. Pelletan.]Hôpital	Dr E.-T. HamyLettre
118	CongoLes	25	Julien DesjardinsNotes	Services de chirurgie du port de Rochefort
119	FriocourtHôpital	26	Marin	Phagédénisme des pays chauds
120	Tokyo	27	M. TambonVariétés	Dr BourdonRapport
121	Agglutination	28	Dr Michel	Dr PfihlL'hygiène navale
122	Mauritanie	29	Dr P. le Méhauté	Rapport médical
123	PfihlHôpital	30	Weltvreden	Dr Barbe
124	Annam).Observation	31	Florent	Traitement des accès de fièvre bilieuse hémoglobinurique
125	1905.Variétés	32	Camille Pelletan].	De la désinfection à bord des bâtiments
126	hôpital de Sidi	33	Gaston Thomson.]L'	Pansements
127	Grande	34	Hystérectomie	Un traitement de la diarrhée chronique des pays chauds
128	Afrique	35	Dr Gazeau	Dr Bellot
129	Tahiti	36	F. Michel	De la névrité radiographique
130	Ligature	37	Dr Valmyre	Les trypanosomes et leur rôle pathogène
131	Côte d'Ivoire	38	Dr Abbatucci	Études sur la tuberculose
132	Statistique	39	Dr P. BrémaudLe	Hindous
133	Cochinchine	40	Liautaud	Journal of tropical medicine
134	Tchéou	41	Glérant	Création d'un conseil de santé
135	1907.La	42	Dr Lucien Jacquet	Juin-Août 1900
136	Extirpation	43	Mesn	Dr PfihlUne maladie professionnelle
137	hôpital de Quang	44	M. V. Morax	Rapport sur l'épidémie de peste
138	Guérigny	45	Dr L. Chastang	Campagne antipaludique
139	Décision	46	Dr Porquier	Rapport mensuel du mois de janvier
140	Oubangui	47	Solde	coloniesSur
141	Béribéri	48	P. Gazeau	La station locale du Congo Français
142	Haut-Sénégal	49	Gaston Thomson.]La	Dr Paul PetitÉpidémie
143	Bordeaux	50	Plaies	L'hygiène et les hôpitaux à
144	chemin de fer du Dahomey	51	S. Sherrington	AverousUn
145	Si	52	Émile Loubet].	Ki
146	Poulo	53	Dr Gastinel	marine Japonaise
147	Tananarive	54	Dr Sestini	Dr A. ValenceTravaux
148	AbdallahVariétés	55	Dr L'HerminierUn	Conclusions
149	Haut	56	Dr Globig	Mobilier chirurgical
150	Madagascar	57	Duchateau	Dr Olivier
151	Saint-Brieuc	58	Dr C. Auffret	Sur la diarrhée expérimentale de suralimentation
152	Labé	59	Brancard	Haffkin
153	Chaulmoogra	60	P. Le Naour	CameroonÉtude
154	Salek	61	Fowler	Novembre 1897
155	l'Afrique	62	Albert Saint	Dr CharuelCoup
156	Laos	63	Aspirateur	Rapport médico-chirurgical sur le service de santé pendant les opérations militaires
157	Diabète	64	Étourneau	Rapport de la conférence sur la syphilis
158	Émyrne	65	Shibasaburo Kitasato	adénoïdiensLes
159	MadagascarGéographie	66	Dr Le MéhautéNote	Rétention d'urine
160	hôpital militaire d'Hiroshima	67	W.-C. Braisted	Japonais
161	Indian	68	E. J. Dutton	Dr Oudard
162	Puériculture	69	Betsileo	Stegomyia Lamberti).Du
163	Brest	70	Atoxyl	Dr Michel
164	Autsianaka	71	Abcès	Migration
165	Nouméa	72	Japonais Tsukuba	Dr C. MathisExtrait
166	Ayres	73	Chandernagor	Dr VialetVariétés
167	Para	74	Majunga	Dr Chastang.].
168	Comore	75	Soussous	Étude hygiénique du dépôt de convalescents des troupes coloniales
169	Caderas	76	Dentu	Note sur l'étuve autoclave du cuirassé
170	Difformité	77	Dr Jan	médecinLe
171	Extraits).Les	78	Gaudichaud	La tumeur bilatérale du nez des pays tropicaux
172	Cuba	79	SiruguePelade	La tuberculose chez les marins du commerce
173	Mena	80	Dr Jourdan	Rangs de préséance des officiers embarqués
174	Inauguration	81	Entorse	CalédonieThéories
175	Hôpitaux.)Variétés	82	E.-T. HamyVariétés	Dr BonnefoyÉtude biologique
176	Yang-Tsé	83	M. Saint-SerninÉtude	Dr Onimus
177	États-Unis	84	Robert	1899.Analyse
178	Gaulois	85	Ovariotomie	Report of the Surgeon general
179	Portsmouth	86	Dr A.-C. Tartarin	Status organiquesLa
180	Yun-Nan	87	M. A. Saint-SerninVariétés	Dr Mense sur la fièvre bilieuse hématurique
181	Vinh	88	N. Gerber	Dr Léo
182	Bizerte	89	1905.La	1896).Sur
183	Yunnam	90	Henri IV	Secours des blessés
184	XXXIV	91	Dr Baissade	1906.Rapport médical
185	Loango	92	Circulaire	Dr du
186	Gabon	93	John Cropper Wise	missionLe
187	Bernard.]Hôpital	94	Procédé	Recherche et dosage du plomb
188	océan Atlantique	95	Yersin	Production
189	Amétropomètre	96	Camille Pelletan]Variétés	Rapport sur les cas de fièvre typhoïde traités à l'hôpital de Saint-Mandrier
190	Chitose	97	Jules Guiart	Dr RobertSur
191	Peyrelongue	98	C. Pelletan.]L'	Dr Barbolain
192	Lagos	99	1907.Variétés	SalanoueDeux
193	Mongtzeu	100	C. Pelletan.]Notes	Répartition
194	Saint-Louis	101	Dr Fruitet	opération de Caldwelle-Luc
195	Indes néerlandaises	102	Dr Okuniewski	Indo-chine
196	Avril	103	Dr H. GrosL'	Mémoire sur les lésions d'origine traumatique
197	IslandeVariétés	104	Éléphantasis	Dr A. LafolieHydrologie médicale
198	Lav	105	Ping S'Hiang	Clinique chirurgicale de Brest
199	État	106	Vignoli	Les blessés de béveziers
200	Abcès	107	Dr L. Cassien	Rapport médical sur Jab
201	Antilles	108	Dr Mercié	Suppression de la grande
202	Ponction Lombaire	109	M. André Lancien	Note sur l'hôpital maritime de Sidi
203	Sanatoria	110	Dr A. Titi	La lèpre dans le cercle de Thiès
204	Streptothrix Madurae	111	Dr H. GrosDu	Projet d'un sac-ambulance
205	Réunion	112	Kératite	Note sur les coffres à médicaments
206	Calédonie	113	Dr ÉtourneauÉpidémie	Projet d'installation d'un second plafond en amiante
207	Circulaire ministérielleVariétés	114	XXVII	Distribution géographique des maladies chirurgicales
208	Malgaches	115	Dr P. BarthélemyÉtat	Dr Palasne de Champeaux
209	Sections	116	Dr H. GrosEssai	Limitation des délivrances de lait
210	Annamites	117	Dr J. EmilyLa lèpre	Traumatisme du crâne
211	Rance	118	Dr Creignon	Note sur le transport des blessés
212	Géographie médicale	119	Dr FruitetDe	La mécanothérapie et les blessés de la marine
213	Yun	120	Piroplasma Donovani Lav	Bernard
214	Bulletin	121	Dr Maurel	Anévrisme de l'Aorte
215	British	122	Variétés	Épidémie de peste bubonique
216	hôpital de	123	Bursite	Dr DouarreRapport
217	République	124	Dr L. Martin	Dr BussièreVariétés
218	Dilatation	125	H. Ziemann	Lait
219	GuéguenVariétés	126	Dr Dedet	1906.La grossesse
220	Haut Oubangui	127	Varèse	Dr Duville
221	Corps	128	M. Ronald Ross	Averous
222	Bernard.]. / Autorisation	129	Aïnhum	Note additionnelle sur la nature des blessures
223	II	130	Albert Titi	Dr Friedrichsen
224	1902.La	131	Dr Abelin	CharcotVariétés
225	la Chine	132	Dr P.-A. Boudou	Journal de médecine des Indes hollandaises
226	Robert.)Rapport	133	Dr Matignon	Note sur l'épidémie de béribéri de 1898
227	Le Feunteun	134	Hansen	Hongroise
228	du Nord	135	L. P. Gijsberti	Modification
229	Saint-Pétersbourg	136	Dr C. M. Belli	Tropen Hygiene
230	Ahouandémé	137	A. AuchéÉpidémie	Dr PratColonne
231	Bahr	138	Dr H. Gros	La parasitologie de la dysenterie
232	Saint-Pierre	139	Dr Foucault	Concours sur l'organisation des secours aux victimes des guerres maritimes
233	Wan	140	Dr Thoulon	Les secours aux blessés dans les guerres maritimesVariétés
234	Mong	141	Gaston Thomson.].	Dr HernandezHygiène
235	Lawpett	142	Dr Reboul	Demande de renseignements
236	Guinée	143	Dr Audibert	Du procédé voltaïque dans la méthode cuprométrique pour le dosage des réducteurs en général
237	île de la Réunion	144	Descartes	Dr Freymadl
238	Calmette	145	Hamac-Gouttière	Dr LassabatieLa
239	Île de La Réunion).Analyse de l'eau	146	la Jeanne	Les plaies contuses de jambe dans la marine
240	Tonkin	147	M. Guéguen	Rapport du Dr
241	île de Céram	148	Troubles	Reports of the trypanosomiasis
242	La Guyane	149	Furtado	Dr DuchateauLe congrès colonial de 1905
243	hôpital Saint-Charles	150	MM. Marchoux	L'explosion du « Forbin
244	Tréhouart	151	Dr Couteaud	U. S. Navy
245	Galles	152	Cassia Occidentalis L.	Dr AvrilleaudMission
246	Ghazal	153	Dr Aurégan	The Lancet
247	Corse	154	Institut Pasteur	Dr Alfred
248	Porto	155	Dr Torel	Guyane).Piroplasma
249	Plehn	156	Nollet	Intoxication quinique anodine
250	Rochefort	157	1903.De	Dr Dargein
251	Laïcisation	158	Dr A. Valence	Annamite
252	Tumeur	159	Mort	Note médicale sur l'hôpital russe du Munychie
253	Dr Valence	160	Dr Thémoin	L'hygiène à bord des croiseurs Américains tennessee
254	Infirmerie du Chemin de fer de la	161	M. T. Klobb	Loi
255	Tidjikdja	162	Gaston	campagne de Chine
256	ParisVariétés	163	M. E. Dezeuzes	Note complémentaire sur le développement des élèves de l'
257	Maroc	164	Influence	Dr GuézennecOmentopexie
258	Hanoï	165	R. W. Boyce	Note sur le lait de képhir
259	Outre-mer	166	Camellia Drupifera	Plaies pulmonaires
260	Variétés	167	Hémothorax	La lèpre en Nouvelle-Calédonie
261	Mars	168	Dr Gaston Laurès	Dr Pfihl
262	Ouossou	169	Dr Rousseau	Dr GauranLe
263	Tombouctou	170	Dr Chambissier	De l'étiologie du strabisme
264	Bokoro	171	Salimbeni	Dr DedetAvis
265	Rufisque	172	Lesson	Nouvelle-Calédonie
266	Djallon	173	MM. P. Trouchet	Bavayi.].
267	Djibouti	174	Gaston Thomson.]. / Frais de voyage des infirmiers chargés de conduire des maladesNote	Prix Blache
268	Kitasato	175	Dr E. Plagneux	Procédé
269	état libre de Congo	176	M. Polo	1901.La
270	île Maurice	177	Dr Robert	Méthylarsinates de mercure
271	AllemagneVariétés	178	C. Pelletan.]Service	ShanghaiGéographie
272	Allemagne	179	Lapeyrère	Dr L. LaurentRôle
273	Haute Côte d'Ivoire	180	Heine	Dr H. GrosInfluence
274	Saïgon	181	Chaudoc	Saint-SévrinLe
275	Côte	182	Dr G. BonainNote	Dr H. GrosL'
276	SeguinAbcès	183	Dr Miranda	Recommandations
277	Chine).Clinique	184	Abdallah	Note sur la fièvre rémittente
278	Mer Rouge	185	Kéloïde fibromatode	Dr H. GrosVariétés
279	ville de Kayes	186	Dr G. Varenne	Dr Paucot
280	Comète	187	M. E. Fournier	Haoussas
281	Dr Moulinier	188	Dr Guézennec	Un cas de lèpre
282	Juillet	189	D. Paschen	Dr LacarrièreObservations
283	Guézennec	190	Remplacement	L'eau potable à bord
284	La Canonnière	191	Observation	Coffres
285	Îles Loyalty	192	docteur Colomb	Proposition de modification
286	Pb	193	M. le Dr Lacour	Étiologique
287	Savigny	194	Dr A. Mercier	Dr Wilm
288	Ogooué	195	Dr J. RegnaultL'	Saint-PierreUne mission de vaccine en Cochinchine
289	Togo	196	N. Low R. A. M. C.Intoxication	Méos du Tranninh
290	Viên	197	Dr Quéré	RapportNote
291	Livres	198	Dr J. Tissot	Dr Souls
292	Marquises	199	Dr G. Bonain	Variétés
293	Toulon	200	Dr L. Laurent	Dr Palasne de ChampeauxVariétés
294	Chari	201	Dr C. AuffretNouveau	Délivrance du baume
295	MalteTrois	202	Jules Regnault	Clinique d'Outre-Mer
296	Bonnefoy	203	Dr Bartet	Bataillon d'infanterie de marine
297	Sasebo	204	Alcoolisme	Dr Dufranc
298	Soudan	205	Raymond Spear	Dr MoulinierVariétés
299	Dakol	206	IUn	Campagne antivariolique
300	Glossina	207	Liège)La	Livret médical individuel dans la marine
301	Sénégal	208	Félix Brunet	Statistique de la marine Néerlandaise
302	Lao-Kay	209	Guérison	Dr Hyades
303	Hôpital de Ponta	210	Cazamian	Médecine et chirurgie indigènes
304	Soudan Français	211	Timbo	Dispensaires français
305	colonnes du Yen-Thé	212	Dr Duclot	Tonkin).Cas de lèpre anesthésique
306	Inde	213	G. Mesureur.].	Notes sur les Nouvelles
307	Gibraltar	214	Desiderata	Fièvre typhoïde et abcès de fixation
308	La Manche	215	Roentgen	Dr Mense
309	Zinder	216	Tonkin).Étude	Inconvénients du chloroforme trop pur
310	ChineL'	217	Dr Machenaud	Au sujet de l'urticaire
311	Austro	218	Guasco	Sels marins de la Cochinchine
312	MéhautéVariétés	219	L. TribondeauEffets	Un cas d'intoxication par l'alcool à brûler
313	hôpital Ballay de Conakry	220	professeur Hamy	Rapport médical sur la mission marchand
314	Grand-Bassam	221	Travail	Dr AmourettiÉtat
315	Hébrides	222	Dr Seguin	Fracture de la base du crâne
316	Baguio	223	L. TribondeauApplications	My-Tho
317	Baoulé	224	Dr Vialet	Rapport annuel de 1903)Observation d'appendicite
318	Trouin	225	Dr Bellet	Fixation de la ration
319	Thaï	226	Geneste	Une observation de rhumatisme chronique post-ourlien
320	EuropeÉpidémie	227	Trillat	Le navire-hôpital Américain
321	Ping	228	Meckel	Calcul vésical
322	Dahomey	229	Aï	Le paludisme et les moustiques
323	GuérignyVariétés	230	Amédée Lefèvre	Matériel
324	Asie	231	Drs Porquier	Dr AbelinEau
325	Côte d'IvoireConsidérations	232	Hépatite	Faits
326	Trépanation	233	Épiploïte	Mission
327	Châtel	234	Laparotomie	Dr Torel
328	Afrique occidentale française	235	Dr Chastang	Supériorité du chloroforme chloréthylé
329	Hôpital	236	Dr F. Michel	Notes intimes
330	Bonnafy.].	237	Dr ÉtourneauUn	Dr GazeauLes
331	Observation	238	Dr le Dantec	La filtration de l'eau potable à bord des navires de guerre
332	Kampot	239	Lucas-Championnière	Kyste hydatique suppuré pleuro
333	Guyane	240	A. AuchéHygiène navale	Assistance
334	La RéunionGéographie médicale	241	Dr C. Mense.].	Dr Albert TitiFonctionnement
335	province de Kouang	242	MM.	Dr J.
336	de Cayenne	243	Dr Chevalier	Répartition des mouches tsé
337	Martinique	244	Dr Laugier	Dr ThémoinLes
338	Perse	245	M. le Dr M. GuibaudVariétés	Le service de santé maritime italien
339	Nha	246	K. Shiga	Potages
340	BordeauxLa	247	Lao	Dr Lacarrière
341	Observations	248	R. Moulinier	Rapport médical de la mission lyonnaise
342	Haut Sénégal	249	Dr Maille	De l'accoutumance
343	Islandais	250	Dr J.-A. Portengen	La guerre navale russo-japonaise
344	Marquisiens	251	Résidence libre	Traité
345	Japon	252	M.	Dr J.-B. van Leent
346	Extrême-Orient	253	Dépêche	Notes sur quelques cas d'une fièvre
347	Lisbonne	254	Dr de Champeaux	Dr Le Méhauté
348	Desert	255	Dr Cannac	Dr Just TouatreLa
349	Ssé	256	Dr Gloaguen	Dr MachenaudConsidérations
350	Tchad	257	Dr Brochet	Dr NormandLa médecine navale
351	Démographie	258	Diagnositc	Fièvre du Texas
352	French Shore	259	Dr L'Helgouach	Livres parusQuelques considérations
353	Yunnan	260	Cuba.)Une	Double
354	Grèce	261	Ch	Les maladies de misère physiologique chez les pêcheurs de Terre
355	Amérique	262	Dr Castaing	Dr A. ValenceAction
356	N'Djolé	263	Schumburg).Un	TananariveEnquête
357	Hatien	264	M. Le Dr	Dr Moussoir
358	Iphigénie	265	J. L. Todd	The Journal of tropical medicine
359	Shiang	266	R.-P. Lesson	Études d'hygiène navale
360	Extraits	267	Hugo	Dr Damian
361	Que	268	C. Christy	Étude hygiénique sur le cuirassé «
362	Uncinaria	269	G. Giemsa	Notes d'hygiène
363	Maurice	270	Bulletin Officiel	Dr Gaillard
364	Épidémie du Port	271	Du Bois Saint-Sevrin	Le gonocoque
365	Nèfle	272	1902.Nouvelle	Viciation
366	Ouest	273	Dr Guiart	Secours aux blessés
367	Mesures	274	Dr A. Lafolie	Le service de santé de la marine Russe
368	Nhatrang	275	Kersaint	Les pansements tout préparés pour le temps de paix
369	Août	276	Dr H. Gros.].	SeguinDeux
370	Lazarets	277	James Niven]Le choléra	Dr Eijkmann
371	Repas	278	Dr A. Arbaud	IndeVariétés
372	Danaïde	279	N. Low R. A. M. C.Abcès	DantecLes blessés de Manille
373	Yunnan).Quelques	280	Jules RochardVariétés	Dr Vincent
374	Pb2L'	281	Dr Quoy	Une épidémie de dysenterie
375	CorpsVariétés	282	Fachoda	Traitement du charbon
376	Kiang	283	Dr L.-E. Bertrand	Niger).Intervention
377	Macina	284	Sarcome	Notes
378	Crète	285	Gymnastique	Note sur l'azote nitrique de quelques eau de la ville de Brest
379	1905.Épidémie	286	Dr E. Ausset.].	Haï
380	Terres	287	Dr Laffay	Ssé
381	Trypanosomiases	288	Jauréguiberry	Désinfection et antisepsie
382	Bengale	289	Dr L. Leplat	Notes sur les navires
383	Nil	290	1901.Résultats	Dr Dufour
384	Prabang	291	Rundschau	expédition du Fouta-Djallon
385	Li	292	R. MoulinierHygiène	CochinchineRecherches
386	Dr Bonnafy].	293	docteur Donnart	Empoisonnement par le formol
387	CirculaireVariétés	294	1903.La	Notes thérapeutiques
388	Anjouan	295	Fontaine	Délivrance de ceintures de flanelleVariétés
389	Mayotte	296	Dr Touren	Dr Buffon
390	Orléans	297	Martin	Livres parusLait
391	Canton	298	C. Pelletan.]Réservoirs	Calculs préputiaux
392	Hambourg	299	P. Bellile	Dr Pungier
393	Dr Sisco	300	Schigemichi Suzuki	ViandeSecours
394	Fontan	301	Drs	Extraits des travaux
395	Allemandes	302	Dr Duval	Un cas de paralysie spinale syphilitique d'Erb
396	Saigon	303	Contribution	Contribution à l'hygiène navale
397	Pakhoï	304	Dr H. GrosPlaie	Applications
398	TribondeauRapport	305	Maternité de Cholon	Composition du sac
399	Alger	306	Dr RouvierNos	Application
400	Bengali	307	Louis Hughes	Dr VincentSur
401	État du Congo	308	Lecomte	Notes sur l'éléphantiasis du membre supérieur
402	PélissierClinique chirurgicale de Rochefort	309	Drs Du Bois Saint-Sevrin	Nouvelle méthode d'analyse
403	Madura	310	Dr P. de Champeaux	Deux cas de fracture de la rotule
404	Moncay	311	C. Pelletan.].	Dr Cazamian
405	Tao	312	M. Mesnil	Dr Tatsusaburo YabéFracture
406	Février	313	Moreschi	BrunetSurrénalité
407	Dysenterie	314	Dr Portengen	Marseillaise
408	Nan	315	Émile Loubet.].	XIII
409	Tchen	316	Dr J. Bell	Un cas curieux d'abcès gazeux du foie compliqué d'hépatoptose
410	RecueilliesQuelques	317	Mao	Dr Lasserre
411	Tuberculose	318	Dr P. Bellile	L'acuité visuelle des officiers de la marine de guerre
412	Oubanghi	319	Dr E. Bellet	Quatre cas de méningite cérébro
413	Do	320	William Balch	L'infection palustre
414	l'Afrique du Sud	321	0	Dr A. ValenceTraitement
415	la Mecque	322	1	Russo-Japonaise
416	Méditerranée	323	2	Du traitement de la contusion et de l'entorse du genou
417	Wallis	324	3	Cassel
418	Hué	325	4	Une campagne de vaccine au Sénégal
419	Gros.].	326	5	Dr Etourneau
420	1905.Notes	327	6	Dr BertrandFractures
421	Phlégéton	328	7	Orient
422	la Réunion	329	8	Dr Aynès
423	Soudan français	330	9	Dysenterie
424	Zanzibar	331	10	Dr le Méhauté
425	Cameroon	332	11	1904.La lèpre
426	Soudan français).Variétés	333	12	Les hôpitaux de New-York
427	Mongtzé	334	13	Notes médicales
428	Mycétome	335	14	Dr AuffretVariétés
429	Quang	336	15	L'hygiène des marins pêcheurs et la pêche hauturière à vapeur
430	Océan Pacifique	337	16	Dr Mathis
431	Sidi	338	17	ChevalierSinusite maxillaire fongueuse
432	Lang	339	18	Siam
433	France	340	19	Le rein polykystique de l'adulte
434	la Manche	341	20	Dr GuézennecVariétés
435	La Réunion	342	21	Draps de hamac
436	1903.Rapport	343	22	La pression osmotique du sang humain
437	Laokay	344	23	Méthode de stromeyer
438	îles Saint-Pierre	345	24	Épidémie de grippe
439	Kérato	346	25	Dr Drago
440	Guadeloupe	347	26	Veston de cuir et veston de drap noir
441	Peï	348	27	Note sur un cas de régénération
442	Cherbourg	349	28	Dr BrémaudRôle
443	Tampico	350	29	Examen des pièces
444	Haut Como).Géographie médicale	351	30	Deux paralysies du bras causées l'une par le paludisme
445	Conakry	352	31	Kéloïde
446	Madagascar).Quelques	353	32	Rapport du chirurgien
447	Dr Fontorbe	354	33	Muhéli
448	Côte-d'Ivoire	355	34	Vanillisme
449	île de Porquerolles	356	35	Secours aux blessés des guerres maritimes
450	Dr ValengeL'	357	36	Les secours aux blessés dans les guerres maritimes
451	Dispositions	358	37	Accidents
452	Suarez	359	38	Sur le dosage dans l'air de proportions d'hydrogène
453	Malinkais	360	39	Dr VincentVariétés
454	SaïgonVariétés	361	40	Dr Danguy
455	Hanoi	362	41	Par les docteurs Chevalier
456	Pékin	363	42	Journal de médecine des Indes néerlandaises
457	Nouvelle	364	43	Les contre-torpilleurs de l'escadre de la
458	de France	365	44	Rapport d'inspection générale sur le 2e bataillon du 8e régiment d'infanterie de marine
459	1902.Variole	366	45	Dr Fontorbe
460	1906.Lazarets	367	46	Deux observations rares d'abcès du lobe gauche du foie
461	Binh	368	47	CouteaudÉtablissements hospitaliers
462	Bulletin Officiel	369	48	Admissions
463	Copenhague	370	49	P.
464	Chine	371	50	Nouvelle
465	Fou	372	51	Une cause inattendue de lésion pulmonaire
466	Montagne	373	52	Les Rayons
467	Indret	374	53	Hernio
468	Somalis	375	54	Dr Paul NéeVariétés
469	Nord	376	55	Dr JolyHernie
470	Pondichéry	377	56	Plaie de poitrine
471	Indo-Chine	378	57	Notes sur le service de santé à bord
472	Port-Saïd	379	58	Dr J. Émily
473	Fachoda	380	59	Du varicocèle et de son traitement
474	Port-Louis	381	60	Rapport annuel sur l'état sanitaire de la marine néerlandaise
475	Sénégal).Variétés	382	61	Dr LiffranNote
476	Délivrance	383	62	AvisLes
477	Fin.)Variétés	384	63	Dr CaironVariétés
478	1907.Le	385	64	LafolieMéthylarsinate
479	Haut-Laos	386	65	Notes médicales sur les localités visitées
480	Mossi	387	66	L'amygdale, voie de pénétration du cocco
481	Navires	388	67	Dr AuffretAccidents
482	Île de La Réunion	389	68	Hercher
483	monts de Cristal	390	69	Dr Ugo Belelli
484	Craw	391	70	Register 15th
485	New-York	392	71	L'électricité médicale
486	Océanie	393	72	Dr BonnefoyHygiène navale
487	Usité	394	73	Dr ThémoinVariétés
488	Sénégal).Contribution	395	74	Dr C. AuffretSecours
489	Moyen	396	75	Secours aux blessés maritimes
490	Croix Rouge	397	76	Notes sur Kouang
491	Contribution	398	77	Simplification
492	Océan Indien	399	78	Cas remarquable de rougeole maligne et compliquée
493	Hôpitaux	400	79	AuffretFonctionnement
494	Montcalm	401	80	Dr GrosVariétés
495	Tseu	402	81	Dr E. BelletContribution
496	Algérie	403	82	Dr CalmetteClinique
497	C. Pelletan.].	404	83	Sur une combinaison molybdo
498	Thuan	405	84	Dr F. MalméjacTraitement
499	Curieux	406	85	Dr BartetChaussure
500	Dr Gorron	407	86	1908Sur
501	Étude	408	87	Comment on naît
502	Dr Piton	409	88	Le développement physique
503	Antsirane	410	89	Dr Étourneau
504	Paris	411	90	Androy
505	Shang	412	91	Berücksichtigung der Pathologie und
506	Choquan	413	92	Haut-Dahomey
507	Tonkinois	414	93	Évolution du paludisme
508	Phu	415	94	Dr Bernal
509	Capricorne	416	95	Dr Tartarin
510	0	417	96	L'hygiène navale
511	1	418	97	Docteur Ronald Ross
512	2	419	98	Étude médicale de l'île de Groix
513	3	420	99	XVe congrès international de médecine
514	4	421	100	Dr TitiNote
515	5	422	101	Délivrance de ceintures de flanelle
516	6	423	102	Dr Suard
517	7	424	103	NolletÉtude
518	8	425	104	Dr SoulsNote
